[
    {"id":16,"name":"Water","baseQuantity":110,"category":"Beverages"},
    {"id":17,"name":"Apple Juice","baseQuantity":440,"category":"Beverages"},
    {"id":18,"name":"Tuna","baseQuantity":40,"category":"Food"},
    {"id":19,"name":"Canned Peas","baseQuantity":50,"category":"Food"},
    {"id":20,"name":"Whole Grain Bread","baseQuantity":100,"category":"Food"},
    {"id":21,"name":"Dark Chocolate","baseQuantity":100,"category":"Food"},
    {"id":22,"name":"Men’s Running Shoes","baseQuantity":50,"category":"Clothing"},
    {"id":24,"name":"Rain Boots","baseQuantity":50,"category":"Flood"},
    {"id":25,"name":"Pasta","baseQuantity":220,"category":"Food"},
    {"id":26,"name":"Pastry","baseQuantity":220,"category":"Food"},
    {"id":30,"name":"Adhesive Bandages","baseQuantity":500,"category":"Medical Supplies"},
    {"id":31,"name":"Sterile Gloves","baseQuantity":120,"category":"Medical Supplies"},
    {"id":35,"name":"Pain Relievers","baseQuantity":300,"category":"Medical Supplies"},
    {"id":36,"name":"Thermal Blanket","baseQuantity":40,"category":"Clothing"},
    {"id":38,"name":"Sanitary Napkins","baseQuantity":400,"category":"Personal Hygiene"},
    {"id":39,"name":"Soap","baseQuantity":500,"category":"Personal Hygiene"},
    {"id":40,"name":"Facial Tissues","baseQuantity":40,"category":"Personal Hygiene"},
    {"id":41,"name":"Baby Wipes","baseQuantity":50,"category":"Personal Hygiene"},
    {"id":42,"name":"Electric Toothbrush","baseQuantity":110,"category":"Personal Hygiene"},
    {"id":43,"name":"Whitening Toothpaste","baseQuantity":110,"category":"Personal Hygiene"},
    {"id":44,"name":"Vitamin D","baseQuantity":220,"category":"Medical Supplies"},
    {"id":45,"name":"Multivitamin Gummies","baseQuantity":220,"category":"Medical Supplies"},
    {"id":46,"name":"Acetaminophen","baseQuantity":220,"category":"Medical Supplies"},
    {"id":47,"name":"Aspirin","baseQuantity":220,"category":"Medical Supplies"},
    {"id":85,"name":"Pepsi","baseQuantity":400,"category":"Beverages"},
    {"id":86,"name":"Bug Spray","baseQuantity":50,"category":"Insect Repellents"},
    {"id":87,"name":"Mosquito Coils","baseQuantity":50,"category":"Insect Repellents"},
    {"id":88,"name":"Infant Bottle","baseQuantity":100,"category":"Baby Essentials"},
    {"id":89,"name":"Soother","baseQuantity":100,"category":"Baby Essentials"},
    {"id":90,"name":"Evaporated Milk","baseQuantity":100,"category":"Food"},
    {"id":91,"name":"Granola Bar","baseQuantity":250,"category":"Food"},
    {"id":196,"name":"Energy Bar","baseQuantity":240,"category":"Food"}
]
